source_file,encoding,preview,magic_bytes
convo_part_ao,base64,aee9ffadea68aedfdce5ff38e79e3b738efd6f87,AEE9FFAD
convo_part_ao,base64,d34fe975ffdde64befeef736b9a6b97357a9ba37,D34FE975
convo_part_ao,base64,d34fe975ffdde64befeef736b9a6b97357a9ba37,D34FE975
convo_part_ao,base64,d34fe975ffdde64befeef736b9a6b97357a9ba37,D34FE975
convo_part_ao,base64,d34fe975ffdde64befeef736b9a6b97357a9ba37,D34FE975
convo_part_ao,base64,d34fe975ffdde64befeef736b9a6b97357a9ba37,D34FE975
convo_part_ao,base64,d34fe975ffdde64befeef736b9a6b97357a9ba37,D34FE975
convo_part_ao,base64,d34fe975ffdde64befeef736b9a6b97357a9ba37,D34FE975
convo_part_ao,base64,d34fe975ffdde64befeef736b9a6b97357a9ba37,D34FE975
convo_part_am,base64,aee9ffadea68aedfdf775ebb7baef77f6e3adba7,AEE9FFAD
convo_part_am,base64,aee9ffadea68aedfdf775ebb7baef77f6e3adba7,AEE9FFAD
convo_part_am,base64,aee9ffadea68aedfdf775ebb7baef77f6e3adba7,AEE9FFAD
convo_part_am,base64,aee9ffadea68aedfdf775ebb7baef77f6e3adba7,AEE9FFAD
convo_part_am,base64,aee9ffadea68aedfdf775ebb7baef77f6e3adba7,AEE9FFAD
convo_part_am,base64,aee9ffadea68aedfdf775ebb7baef77f6e3adba7,AEE9FFAD
convo_part_am,base64,aee9ffadea68aedfdf775ebb7baef77f6e3adba7,AEE9FFAD
convo_part_am,base64,aee9ffadea68aedfdf775ebb7baef77f6e3adba7,AEE9FFAD
convo_part_am,base64,aee9ffadea68aedfdf775ebb7baef77f6e3adba7,AEE9FFAD
convo_part_am,base64,aee9ffadea68aedfdf775ebb7baef77f6e3adba7,AEE9FFAD
convo_part_am,base64,aee9ffadea68aedfdf775ebb7baef77f6e3adba7,AEE9FFAD
convo_part_am,base64,aee9ffadea68aedfdcf7569ae1c779e1de9cdfad,AEE9FFAD
convo_part_ad,base64,4b2b2d7a6fd5a25ba67acfc36ad6bf2e26eb6abc,4B2B2D7A
convo_part_an,base64,d36d34d34d340b403c100e3cd34d34d34d34d34d,D36D34D3
convo_part_an,base64,d36d34d34d340b403c100e3cd34d34d34d34d34d,D36D34D3
convo_part_an,base64,https://m.media-amazon.com/images/I/61LqAwjckRL._AC_SL1500_.jpg,text
convo_part_an,base64,https://m.media-amazon.com/images/I/61LqAwjckRL._AC_SL1500_.jpg,text
convo_part_an,base64,https://m.media-amazon.com/images/I/61LqAwjckRL._AC_SL1500_.jpg,text
convo_part_ak,base64,aee9ffadea68aedfdf775ebb7baef77f6e3adba7,AEE9FFAD
convo_part_ak,base64,aee9ffadea68aedfdf775ebb7baef77f6e3adba7,AEE9FFAD
convo_part_ah,base64,f39eb4e76d7513d042e74044176df8dfbe390c3e,F39EB4E7
convo_part_al,base64,e13163851ea73ac2b0e05c1c8258782da7a529af,E1316385
convo_part_ac,base64,9ff56896e99eb3f0abb9c89a952483fd4b1eaecf,9FF56896
convo_part_ac,base64,9ff56896e99eb3f0abb9c89a952483fd4b1eaecf,9FF56896
convo_part_ac,base64,9ff56896e99eb3f0abb9c89a952483fd4b1eaecf,9FF56896
convo_part_ac,base64,9ff56896e99eb3f0abb9c89a952483fd4b1eaecf,9FF56896
convo_part_ac,base64,9ff56896e99eb3f0abb9c89a952483fd4b1eaecf,9FF56896
convo_part_ac,base64,9ff56896e99eb3f0abb9c89a952483fd4b1eaecf,9FF56896
convo_part_ac,base64,9ff56896e99eb3f0abb9c89a952483fd4b1eaecf,9FF56896
convo_part_ac,base64,9ff56896e99eb3f0abb9c89a952483fd4b1eaecf,9FF56896
convo_part_ac,base64,9ff56896e99eb3f0abb9c89a952483fd4b1eaecf,9FF56896
convo_part_ac,base64,9ff56896e99eb3f0abb9c89a952483fd4b1eaecf,9FF56896
convo_part_ac,base64,00f03dd5b1ea410253c168ebb84c81bfc196c25c,00F03DD5
convo_part_ac,base64,00f03dd5b1ea410253c168ebb84c81bfc196c25c,00F03DD5
convo_part_ac,base64,00f03dd5b1ea410253c168ebb84c81bfc196c25c,00F03DD5
convo_part_ac,base64,00f03dd5b1ea410253c168ebb84c81bfc196c25c,00F03DD5
convo_part_ac,base64,6ab9a17e9feb7a9a1d6ad6bf73c6b46bd71c75cf,6AB9A17E
convo_part_af,base64,4b2b2d7a6fd5a25ba67acfc36ad6bfa6b8af6ad7,4B2B2D7A
